{"step": 453, "total_steps": 50000, "loss": 4.1080522537231445, "vram_mb": 3571.62548828125, "speed": 6.4571839498253985, "lr": 0.0298970949375, "elapsed_s": 70, "eta_s": 7673, "iteration": 16, "best_loss": 2.866443634033203, "d_model": 1024, "n_layers": 14, "params_m": 203.05443, "batch_size": 4, "seq_len": 64, "timestamp": 1779547206.740407, "loss_history": [14.376338005065918, 13.068931579589844, 11.86932373046875, 10.813425064086914, 10.003316879272461, 9.65267562866211, 8.92912483215332, 8.488746643066406, 8.001174926757812, 7.471287250518799, 7.09992790222168, 6.805381774902344, 6.281611442565918, 5.932438850402832, 5.621250629425049, 5.36712646484375, 5.137233734130859, 4.8754377365112305, 4.784109115600586, 4.690930366516113, 4.610995769500732, 4.557711601257324, 4.688347339630127, 4.537408828735352, 4.520285606384277, 4.544830322265625, 4.5546770095825195, 4.584597110748291, 4.589522361755371, 4.510509490966797, 4.5328874588012695, 4.475813865661621, 4.539895057678223, 4.565377235412598, 4.547289848327637, 4.538362979888916, 4.501926898956299, 4.511577606201172, 4.508682727813721, 4.480417251586914, 4.521689414978027, 4.490279197692871, 4.499457359313965, 4.504343032836914, 4.461409091949463, 4.5040717124938965, 4.475332260131836, 4.498522758483887, 4.502073287963867, 4.4663286209106445, 4.496218204498291, 4.439545631408691, 4.436575889587402, 4.458621978759766, 4.490281581878662, 4.459031105041504, 4.470664978027344, 4.424795627593994, 4.4084320068359375, 4.500999450683594, 4.505077362060547, 4.458993434906006, 4.441247940063477, 4.479964256286621, 4.4132490158081055, 4.433963775634766, 4.437554359436035, 4.429739475250244, 4.455084800720215, 4.442028999328613, 4.40748405456543, 4.478548049926758, 4.41670560836792, 4.423425197601318, 4.427699089050293, 4.401104927062988, 4.368550777435303, 4.421909332275391, 4.361045837402344, 4.468980312347412, 4.425719261169434, 4.4446797370910645, 4.416370391845703, 4.385076522827148, 4.405014514923096, 4.390954971313477, 4.457355499267578, 4.348532676696777, 4.444053649902344, 4.411200523376465, 4.422494888305664, 4.406675815582275, 4.3971710205078125, 4.4067063331604, 4.430244445800781, 4.365427494049072, 4.356341361999512, 4.303867340087891, 4.382951736450195, 4.334836006164551, 4.333629608154297, 4.373873710632324, 4.33299446105957, 4.386387825012207, 4.4113311767578125, 4.399631023406982, 4.322272777557373, 4.364836692810059, 4.38405704498291, 4.398754119873047, 4.376579284667969, 4.313592433929443, 4.385366439819336, 4.360721588134766, 4.353428840637207, 4.351889133453369, 4.378232002258301, 4.364987373352051, 4.355161190032959, 4.306513786315918, 4.330970287322998, 4.308440208435059, 4.396855354309082, 4.306671142578125, 4.285463809967041, 4.2823896408081055, 4.280810832977295, 4.425631523132324, 4.303619384765625, 4.298619270324707, 4.366638660430908, 4.364228248596191, 4.358730316162109, 4.327884674072266, 4.3529157638549805, 4.325370788574219, 4.2580084800720215, 4.319311141967773, 4.275238037109375, 4.345705986022949, 4.349186897277832, 4.347949028015137, 4.28601598739624, 4.2757368087768555, 4.333344459533691, 4.284918785095215, 4.351328372955322, 4.273447036743164, 4.320429801940918, 4.369181156158447, 4.367703437805176, 4.341653347015381, 4.31085729598999, 4.348238945007324, 4.2756500244140625, 4.276282787322998, 4.31046199798584, 4.269839763641357, 4.249679088592529, 4.284457683563232, 4.276007652282715, 4.36379861831665, 4.323678016662598, 4.266362190246582, 4.387693881988525, 4.293163299560547, 4.314035892486572, 4.264500617980957, 4.247674942016602, 4.339944839477539, 4.327568054199219, 4.239253997802734, 4.284616947174072, 4.287085056304932, 4.234403133392334, 4.214688777923584, 4.290037155151367, 4.218303203582764, 4.3260040283203125, 4.288296222686768, 4.238292694091797, 4.220898628234863, 4.2984724044799805, 4.279072284698486, 4.256439208984375, 4.286120414733887, 4.299362659454346, 4.250219345092773, 4.230721473693848, 4.296146869659424, 4.28504753112793, 4.242012977600098, 4.281298637390137, 4.2660417556762695, 4.320272445678711, 4.319727897644043, 4.245329856872559, 4.230295181274414, 4.261260986328125, 4.18464994430542, 4.248711585998535, 4.278858184814453, 4.271944999694824, 4.313182353973389, 4.274114608764648, 4.224706649780273, 4.287356853485107, 4.24395227432251, 4.228398323059082, 4.295662879943848, 4.198185443878174, 4.235342025756836, 4.349194526672363, 4.234109878540039, 4.26067590713501, 4.239389419555664, 4.288143157958984, 4.275306224822998, 4.219236373901367, 4.330512046813965, 4.239507675170898, 4.277595520019531, 4.271383285522461, 4.208269119262695, 4.232358455657959, 4.183711051940918, 4.347776412963867, 4.210644721984863, 4.2618818283081055, 4.227209091186523, 4.245961666107178, 4.235135078430176, 4.24077033996582, 4.189351558685303, 4.213700771331787, 4.193141460418701, 4.277992248535156, 4.229020595550537, 4.235240936279297, 4.215350151062012, 4.172377109527588, 4.227042198181152, 4.153561115264893, 4.130924224853516, 4.315567970275879, 4.143892288208008, 4.240323543548584, 4.1711812019348145, 4.218164443969727, 4.2099409103393555, 4.174072742462158, 4.223889350891113, 4.260435104370117, 4.209352016448975, 4.247791290283203, 4.263257026672363, 4.173521995544434, 4.262058734893799, 4.166703701019287, 4.206727027893066, 4.205089092254639, 4.319158554077148, 4.197352409362793, 4.1903181076049805, 4.202641010284424, 4.195083141326904, 4.1913228034973145, 4.2371063232421875, 4.244521141052246, 4.234719753265381, 4.231389045715332, 4.177270889282227, 4.145908355712891, 4.180513381958008, 4.233085632324219, 4.189878463745117, 4.1944074630737305, 4.134954929351807, 4.231899261474609, 4.181474685668945, 4.176638126373291, 4.181053638458252, 4.178858757019043, 4.172650337219238, 4.192928791046143, 4.2111406326293945, 4.2130351066589355, 4.25517463684082, 4.184788703918457, 4.127348899841309, 4.175215244293213, 4.2114458084106445, 4.130828857421875, 4.2246413230896, 4.173315525054932, 4.1299543380737305, 4.180403709411621, 4.206401824951172, 4.1622748374938965, 4.160065650939941, 4.145488739013672, 4.14045524597168, 4.153799057006836, 4.245060443878174, 4.126848220825195, 4.207291603088379, 4.1454267501831055, 4.142455101013184, 4.214299201965332, 4.185520172119141, 4.185823440551758, 4.1476521492004395, 4.1900482177734375, 4.187292098999023, 4.136317729949951, 4.216491222381592, 4.125402450561523, 4.142687797546387, 4.191164016723633, 4.235188961029053, 4.173147201538086, 4.214710235595703, 4.183122158050537, 4.1559858322143555, 4.251543998718262, 4.170973777770996, 4.203192710876465, 4.203991889953613, 4.1641740798950195, 4.185987949371338, 4.248415470123291, 4.194820404052734, 4.163893699645996, 4.181927680969238, 4.188970565795898, 4.163732528686523, 4.119411468505859, 4.186581134796143, 4.180776119232178, 4.150533676147461, 4.173529624938965, 4.169617176055908, 4.171621322631836, 4.120708465576172, 4.175352096557617, 4.123422622680664, 4.153072357177734, 4.18118143081665, 4.1086297035217285, 4.120412349700928, 4.168390274047852, 4.139878749847412, 4.153974533081055, 4.138332843780518, 4.1784467697143555, 4.115426063537598, 4.190970420837402, 4.165695667266846, 4.109624862670898, 4.183960914611816, 4.081544876098633, 4.179127216339111, 4.080695152282715, 4.104445934295654, 4.08942985534668, 4.160091876983643, 4.222919464111328, 4.125265121459961, 4.155203819274902, 4.1304731369018555, 4.155468940734863, 4.163714408874512, 4.148224830627441, 4.1823296546936035, 4.122817039489746, 4.12135124206543, 4.095189094543457, 4.124316692352295, 4.144955635070801, 4.189438343048096, 4.1480302810668945, 4.12434196472168, 4.131757736206055, 4.213274955749512, 4.138625144958496, 4.201816558837891, 4.159844398498535, 4.090325832366943, 4.103278636932373, 4.2006425857543945, 4.197763442993164, 4.131464004516602, 4.096652984619141, 4.132205963134766, 4.145997524261475, 4.155879020690918, 4.102167129516602, 4.082799911499023, 4.060949325561523, 4.17073917388916, 4.060276508331299, 